session_id,session_start_hour,session_end_hour,total_ops,total_volume,hour_span
15,15,15,1,1000.0,0
658,15,15,1,450.0,0
804,20,20,1,1000.0,0
926,1,1,1,500.0,0
1066,14,14,1,208.25,0
423,11,11,1,280.0,0
399,10,10,1,162.35,0
146,12,12,1,1000.0,0
140,12,12,1,17000.0,0
548,21,21,2,72925.91,0
396,22,22,1,200.0,0
411,19,19,1,100.0,0
679,13,13,1,300.0,0
819,15,15,1,400.0,0
789,22,22,1,1000.0,0
1060,20,19,7,11672.2,1
417,1,1,1,891.9,0
810,21,21,1,2000.0,0
1069,15,15,2,4105.0,0
280,23,23,1,100.0,0
551,15,15,1,7000.0,0
1054,21,21,1,44000.0,0
947,22,22,1,21941.6,0
798,22,22,1,500.0,0
816,16,16,1,400.0,0
682,17,17,1,6500.0,0
134,14,14,1,6000.0,0
420,17,17,1,252.0,0
673,10,10,1,10000.0,0
289,18,18,1,116.0,0
283,12,12,2,335.0,0
664,18,18,1,8839.32,0
530,17,17,1,500.0,0
792,10,10,2,9056.76,0
920,23,23,1,400.0,0
271,21,21,1,3314.05,0
12,16,16,1,1060.0,0
3,10,10,2,2408.0,0
161,14,14,1,1141.8,0
277,23,23,1,500.0,0
408,21,21,1,100.0,0
533,21,21,1,500.0,0
557,12,12,1,200.0,0
944,19,19,1,30000.0,0
542,19,19,1,530.96,0
539,18,17,2,11000.0,1
30,14,14,1,4500.0,0
938,14,14,2,20000.0,0
536,11,10,5,2500.0,1
685,9,9,1,200.0,0
155,16,16,1,1380.38,0
414,11,11,1,100.0,0
1072,14,14,1,8500.0,0
274,13,13,1,100.0,0
670,12,12,2,64200.0,0
1081,15,15,1,227.0,0
152,16,16,1,103.8,0
929,17,18,4,71762.4,1
149,16,16,2,3200.0,0
807,14,14,1,2000.0,0
688,21,21,1,200.0,0
268,10,10,1,12999.9,0
941,19,19,1,9550.0,0
137,12,12,1,4500.0,0
801,10,10,1,500.0,0
27,21,21,1,60.0,0
950,17,17,1,21845.7,0
1057,14,14,1,2100.0,0
1078,12,12,2,22800.0,0
265,15,15,1,16482.0,0
813,10,9,2,1323.95,1
676,9,9,1,1550.0,0
667,14,14,1,10000.0,0
932,14,14,1,19350.0,0
1075,11,11,1,8000.0,0
24,20,20,1,20000.0,0
158,19,19,1,88369.3,0
143,10,10,1,15241.0,0
795,21,21,1,1768.0,0
661,17,17,1,200.0,0
1063,21,21,1,200.0,0
405,15,15,1,810.0,0
9,20,20,1,375.0,0
286,10,11,3,1798.0,1
21,23,23,1,2000.0,0
935,19,18,2,67690.0,1
6,4,4,1,800.8,0
554,20,20,2,25500.0,0
527,22,22,1,220.0,0
545,17,17,1,8000.0,0
402,23,23,1,100.0,0
18,18,18,1,21400.0,0
923,20,20,1,1000.0,0
1051,4,4,1,8000.0,0
292,15,15,1,3000.0,0
426,9,9,1,384.0,0
63,23,23,1,2000.0,0
1099,19,19,1,105718.14,0
51,17,17,1,511.68,0
953,15,15,1,4020.73,0
48,22,22,1,29567.7,0
965,16,16,1,18000.0,0
176,18,18,1,38.8,0
432,0,0,1,149.7,0
453,10,10,1,100.0,0
301,18,18,1,18000.0,0
1102,23,23,1,16000.0,0
1096,15,15,1,43000.0,0
974,22,22,2,26410.0,0
1084,20,20,1,10000.0,0
959,13,13,1,31292.23,0
575,16,16,1,7515.0,0
173,15,15,1,180.0,0
39,18,18,1,5000.0,0
1093,21,21,1,550.0,0
843,11,11,1,576.52,0
307,21,21,1,206.0,0
322,16,16,1,2100.0,0
319,15,15,1,315.0,0
852,20,20,1,4800.0,0
694,10,10,1,1213.0,0
578,19,19,1,6649.5,0
182,10,10,1,45.81,0
33,1,1,1,80312.74,0
188,22,22,1,2000.0,0
712,13,13,2,2244.0,0
980,20,20,1,21789.0,0
194,13,13,2,940.0,0
167,20,20,1,10060.0,0
179,19,19,2,25702.0,0
54,23,23,1,4500.0,0
456,21,21,1,247.88,0
715,23,23,1,250.0,0
581,16,16,1,4000.0,0
325,17,17,1,800.0,0
429,16,16,1,155.0,0
977,16,16,1,20858.0,0
956,20,20,1,62000.0,0
42,21,21,1,12400.0,0
191,20,20,1,80.0,0
444,10,10,1,200.0,0
584,21,21,1,29137.0,0
846,21,22,2,1000.0,1
316,13,13,1,79766.0,0
825,8,8,1,735.0,0
1090,13,13,1,10000.0,0
566,13,14,3,24450.0,1
298,15,15,1,40000.0,0
60,20,20,1,500.0,0
572,10,10,1,1700.0,0
435,14,13,2,214.0,1
304,20,20,1,1000.0,0
834,20,20,1,400.0,0
57,17,17,1,59500.0,0
840,21,21,1,400.0,0
831,8,8,1,1240.0,0
441,19,19,1,100.0,0
971,20,20,1,5000.0,0
310,9,9,1,200.0,0
706,20,20,1,330.0,0
828,12,12,1,1571.88,0
1087,16,16,1,8800.0,0
968,22,21,3,23201.9,1
560,19,19,1,30000.0,0
185,17,17,1,3000.0,0
849,18,18,1,550.0,0
563,10,10,1,35000.0,0
691,12,12,1,800.0,0
822,22,22,1,800.0,0
313,16,16,1,515.0,0
837,10,10,1,400.0,0
295,20,20,1,200.0,0
700,14,14,1,400.0,0
36,19,19,2,25600.0,0
709,14,14,1,490.0,0
164,22,22,1,2000.0,0
450,19,19,1,105.0,0
587,11,11,1,3000.0,0
1105,11,11,2,2072.0,0
170,19,19,1,5000.0,0
703,16,16,1,530.0,0
962,17,17,2,24797.359999999997,0
569,17,17,1,3800.0,0
697,13,13,1,400.0,0
438,18,18,2,1500.0,0
983,19,19,1,191.18,0
45,13,12,4,4148.28,1
718,10,10,3,756.0,0
447,16,16,1,112.1,0
200,19,19,2,3500.0,0
352,13,13,1,500.0,0
471,11,11,2,2274.84,0
1013,16,16,1,13000.0,0
873,19,19,1,1840.33,0
748,11,11,1,529.5,0
876,9,9,1,1250.0,0
334,15,15,1,206.82,0
611,14,14,1,81510.36,0
858,10,10,1,2500.0,0
870,0,0,1,220.07,0
209,15,15,1,18000.0,0
602,12,12,2,10500.0,0
989,12,12,1,150.0,0
730,13,13,1,1000.0,0
608,10,10,1,300.0,0
861,17,17,1,535.0,0
224,17,17,2,8000.0,0
751,17,17,1,500.0,0
882,18,18,1,1150.0,0
736,20,20,1,520.0,0
1010,16,16,1,46100.0,0
227,13,13,2,5500.0,0
1007,14,14,2,14822.0,0
66,12,12,1,14640.15,0
75,19,19,3,16500.0,0
459,9,9,1,530.0,0
739,11,11,1,500.0,0
745,21,21,1,590.0,0
206,14,14,1,212.0,0
72,21,21,2,45000.0,0
742,15,15,1,2800.0,0
486,11,11,1,100.0,0
84,14,13,2,10000.0,1
867,1,1,1,400.0,0
483,18,18,1,600.0,0
724,23,23,1,500.0,0
1004,20,21,2,19704.85,1
358,13,13,1,200.0,0
986,15,15,1,53198.21,0
81,13,13,1,21315.0,0
221,18,18,1,150.0,0
343,17,17,1,415.0,0
1001,14,14,1,5859.0,0
998,19,19,1,53674.92,0
995,14,14,1,4000.0,0
346,11,11,1,550.0,0
87,15,15,2,69991.9,0
605,18,18,3,11436.0,0
879,21,21,1,400.0,0
590,17,17,1,83266.77,0
69,13,13,1,500.0,0
355,20,20,1,200.0,0
349,23,23,1,550.0,0
340,16,16,1,350.0,0
468,17,16,5,1920.0,1
596,11,11,2,1300.0,0
337,23,23,1,4000.0,0
474,9,9,1,300.0,0
462,16,16,2,2170.0,0
855,10,10,1,1500.0,0
93,21,21,1,36115.0,0
477,17,17,1,1500.0,0
90,4,4,1,507.0,0
96,20,20,1,26950.0,0
197,12,12,1,60.14,0
599,16,16,1,200.0,0
480,16,16,1,3081.0,0
992,19,18,2,71139.48999999999,1
331,17,17,1,200.0,0
614,20,21,3,22270.0,1
864,14,14,1,530.0,0
218,18,18,1,50.0,0
721,22,22,1,1000.0,0
617,14,14,1,4500.0,0
212,12,12,1,1500.0,0
620,18,18,6,33630.0,0
465,23,23,1,1000.0,0
203,19,19,1,53956.83,0
727,3,3,1,1800.0,0
733,19,19,1,1000.0,0
328,14,14,1,500.0,0
215,16,16,2,1938.0,0
78,1,1,3,37213.92,0
489,17,17,1,1000.0,0
593,18,18,3,8812.0,0
754,14,14,1,4500.0,0
364,19,19,1,200.0,0
763,19,19,1,200.0,0
653,19,19,1,31573.08,0
117,14,14,1,305.0,0
1028,19,19,3,98691.44,0
385,19,19,1,168.47,0
120,17,17,1,200.0,0
1031,12,12,1,23402.34,0
510,9,9,1,215.0,0
254,12,12,1,285.66,0
1037,13,13,1,10000.0,0
108,17,17,1,350.0,0
391,13,13,1,700.0,0
772,11,11,2,3000.0,0
781,19,19,1,500.0,0
111,13,13,1,1500.0,0
129,23,23,1,108.5,0
1025,16,16,3,42000.0,0
641,14,14,2,11405.0,0
239,15,15,1,202.2,0
650,12,12,1,220.0,0
513,15,15,1,619.0,0
379,20,20,1,300.0,0
635,12,13,3,6000.0,1
1022,21,21,1,37769.5,0
903,15,15,1,6342.24,0
647,20,19,7,37481.82,1
501,19,19,1,520.0,0
126,16,16,1,350.0,0
638,21,21,2,18900.0,0
909,17,17,1,300.0,0
236,18,18,1,5370.0,0
632,0,0,1,5000.0,0
915,15,15,2,1200.0,0
248,20,20,2,1605.66,0
897,10,10,1,500.0,0
1046,19,19,1,15254.66,0
522,13,13,1,400.0,0
629,14,14,1,25800.0,0
912,21,21,1,300.0,0
623,12,12,1,4500.0,0
123,17,17,1,47436.2,0
257,16,16,1,450.0,0
1019,17,16,6,199585.08000000002,1
242,11,11,1,2376.0,0
888,12,12,1,800.0,0
492,20,20,1,200.0,0
114,17,17,1,50.0,0
891,15,15,1,2500.0,0
644,16,16,1,24842.0,0
388,22,22,1,500.0,0
99,18,18,1,500.0,0
775,10,10,1,1000.0,0
1016,18,19,8,132459.71000000002,2
757,18,18,1,2000.0,0
516,21,21,1,800.0,0
361,22,22,1,3105.0,0
760,21,21,1,600.0,0
1043,14,14,1,66000.0,0
376,19,19,1,193.05,0
769,15,15,1,500.0,0
504,18,18,1,206.6,0
370,0,0,1,200.0,0
230,20,20,1,5000.0,0
260,21,21,1,1685.96,0
894,13,13,1,1000.0,0
626,11,11,2,650.0,0
507,16,16,1,256.0,0
105,12,12,1,500.0,0
495,15,15,1,300.0,0
233,14,14,1,10000.0,0
1034,15,15,1,13822.57,0
784,16,16,1,600.0,0
367,11,11,1,1000.0,0
766,9,9,1,400.0,0
906,5,5,1,300.0,0
900,15,15,1,424.0,0
251,14,14,1,2394.24,0
498,14,14,1,500.0,0
1040,20,20,1,33000.0,0
373,17,17,1,300.0,0
382,17,17,1,310.0,0
102,14,14,1,500.0,0
245,20,20,1,138.0,0
778,17,17,2,1590.0,0
885,5,5,1,600.0,0
519,16,16,1,200.0,0
948,14,14,1,12000.0,0
293,18,18,1,1100.0,0
793,12,12,1,600.0,0
150,22,22,1,4500.0,0
25,19,19,2,2000.0,0
16,19,19,1,96058.8,0
945,21,21,1,8515.0,0
656,13,13,1,16600.0,0
1061,16,16,1,1250.0,0
421,17,17,1,700.0,0
22,19,19,1,150.0,0
790,22,22,1,1575.0,0
272,12,12,1,100.0,0
534,19,19,1,400.0,0
918,19,19,1,300.0,0
19,19,19,1,21445.0,0
552,17,17,2,33860.0,0
424,18,18,1,100.0,0
1064,23,23,1,100.0,0
811,21,21,1,2000.0,0
817,17,17,1,500.0,0
278,19,19,1,1000.0,0
135,19,19,1,2500.0,0
156,18,18,1,100.0,0
415,13,13,1,200.0,0
1052,18,18,1,54375.64,0
284,14,14,1,1000.0,0
1079,16,16,1,5000.0,0
546,18,18,1,72000.0,0
680,22,22,2,400.0,0
412,15,15,1,100.0,0
406,12,12,1,154.8,0
808,17,17,2,4000.0,0
28,1,1,1,3500.0,0
686,14,14,1,2000.0,0
266,16,16,1,56978.1,0
4,9,9,1,6580.0,0
418,9,9,1,139.34,0
668,16,15,3,61633.69,1
543,14,14,1,4000.0,0
927,15,15,2,54250.0,0
540,18,18,2,715.0,0
549,13,13,1,2000.0,0
141,13,14,2,285.0,1
930,18,19,5,65462.0,1
1070,21,21,1,10000.0,0
1049,23,23,1,100.0,0
814,12,12,1,1690.0,0
936,22,22,1,22000.0,0
1058,18,18,1,19500.0,0
269,14,14,1,38055.5,0
138,15,15,1,1059.67,0
674,13,13,1,250.0,0
1076,19,19,1,103.65,0
537,12,12,1,500.0,0
31,14,14,1,8641.0,0
275,14,14,1,13000.0,0
159,22,22,1,215.0,0
671,14,13,4,170450.0,1
942,22,22,3,20040.0,0
787,17,17,4,14180.39,0
939,15,15,3,36697.68,0
799,16,16,1,1600.0,0
677,23,23,1,1000.0,0
1055,23,23,1,6655.0,0
1,16,16,1,23000.0,0
662,14,14,1,250.0,0
263,16,16,1,4205.0,0
287,16,15,3,19595.0,1
394,15,15,1,262.14,0
796,14,14,1,4300.0,0
403,12,12,1,880.0,0
555,22,22,1,25650.0,0
683,17,17,1,1000.0,0
290,15,15,1,194.0,0
802,18,18,1,800.0,0
1067,21,21,1,117000.0,0
153,1,1,1,240.0,0
281,23,23,1,100.0,0
525,16,16,1,380.0,0
13,13,13,1,27358.36,0
10,16,16,1,49180.56,0
924,23,23,1,2000.0,0
665,21,20,2,13020.0,1
921,1,1,2,600.0,0
1073,14,14,1,8000.0,0
531,14,14,1,300.0,0
659,18,18,1,2023.09,0
147,17,17,1,2900.0,0
933,15,15,1,20843.07,0
409,16,16,1,2000.0,0
7,9,9,1,1000.0,0
162,15,15,1,4000.0,0
397,14,14,1,200.0,0
400,14,14,1,20000.0,0
805,9,9,2,900.0,0
528,11,11,1,200.0,0
132,20,21,2,25050.0,1
144,13,13,2,61300.0,0
296,19,19,1,453.0,0
579,21,20,2,8585.0,1
314,12,11,2,600.0,1
180,18,18,1,625.5,0
969,12,12,1,21500.0,0
457,12,12,1,208.0,0
451,15,15,1,100.0,0
582,19,18,7,104213.47,1
171,20,20,1,12000.0,0
978,17,17,3,26099.5,0
323,18,18,1,200.0,0
311,12,12,1,500.0,0
448,17,17,1,100.0,0
40,15,15,1,1500.0,0
692,12,12,1,500.0,0
695,11,11,1,265.0,0
820,12,12,1,4700.0,0
46,17,17,1,800.0,0
305,22,22,1,200.0,0
177,12,12,1,45.05,0
174,16,16,1,9400.0,0
168,6,6,1,271.85,0
55,16,16,1,8215.79,0
835,18,18,1,1500.0,0
445,12,11,2,460.0,1
192,0,0,1,207.6,0
558,14,14,1,12200.0,0
427,9,9,1,300.0,0
561,19,19,1,15000.0,0
64,14,14,1,4208.67,0
43,22,22,1,349.99,0
58,14,14,1,70000.0,0
308,21,21,1,150.0,0
576,18,17,7,18478.0,1
433,9,9,2,220.0,0
972,21,21,1,4430.0,0
951,12,12,1,7500.0,0
564,11,11,1,5600.0,0
430,21,21,1,198.6,0
1100,15,16,2,119000.0,1
719,18,18,1,3150.0,0
49,14,14,1,500.0,0
710,17,17,1,5580.0,0
957,21,20,2,62498.23,1
52,8,8,1,879.9,0
1094,22,22,1,20000.0,0
37,15,15,1,35500.0,0
34,16,16,1,15000.0,0
439,20,20,1,100.0,0
1082,17,17,1,8750.0,0
1103,14,14,1,736.32,0
1088,22,22,1,6500.0,0
317,17,17,1,20000.0,0
689,10,10,1,200.0,0
838,16,16,2,930.0,0
454,13,13,1,103.0,0
1085,16,16,1,8945.4,0
713,23,23,1,700.0,0
61,12,12,1,2100.0,0
701,15,15,2,7250.11,0
567,15,15,1,4500.0,0
844,13,13,1,800.0,0
698,21,21,2,725.0,0
585,22,22,1,4223.0,0
573,12,12,1,4000.0,0
963,19,20,7,97916.78,2
1097,1,1,1,33260.0,0
442,22,22,1,445.0,0
1106,20,20,1,60000.0,0
588,12,12,1,21000.0,0
975,12,12,1,22850.24,0
302,13,13,1,150.0,0
829,16,16,1,992.0,0
320,17,17,1,200.0,0
826,9,9,1,525.0,0
954,16,16,1,20000.0,0
165,21,21,1,100.0,0
716,15,15,1,450.0,0
832,16,16,1,2000.0,0
436,8,8,2,5200.0,0
966,19,19,1,62000.0,0
186,17,17,1,105.0,0
960,13,13,1,4000.0,0
326,16,16,1,1000.0,0
570,18,18,1,22000.0,0
195,17,17,1,52.0,0
183,1,1,1,530.23,0
823,15,15,1,500.0,0
841,12,12,1,900.0,0
847,10,10,1,500.0,0
189,10,10,1,25.34,0
299,20,20,1,11000.0,0
707,21,21,2,700.0,0
704,13,13,1,200.0,0
1091,20,21,2,22218.15,1
981,22,22,1,13800.0,0
850,11,11,1,800.0,0
743,19,19,1,2600.0,0
862,18,18,1,500.0,0
597,12,12,1,4500.0,0
472,15,15,1,200.0,0
332,13,13,1,1000.0,0
67,12,12,1,146700.0,0
70,14,14,1,2500.0,0
609,11,12,2,22043.0,1
740,18,18,1,400.0,0
216,18,18,1,78.6,0
618,15,15,1,6200.0,0
85,16,16,2,5464.0,0
1008,16,15,5,52567.22,1
79,14,14,1,4288.46,0
621,21,21,1,200.0,0
728,19,19,2,3100.0,0
225,23,23,1,45872.57,0
478,17,17,1,993.0,0
731,1,1,1,1000.0,0
871,19,19,1,424.0,0
996,15,15,1,4000.0,0
88,20,20,1,1000.0,0
356,18,18,1,3399.95,0
484,15,14,3,716.6,1
606,22,22,2,19802.64,0
347,13,13,1,550.0,0
463,19,19,3,5500.0,0
353,23,23,1,300.0,0
94,16,16,1,42075.85,0
359,15,15,1,250.0,0
82,18,18,1,2000.0,0
856,16,16,1,1484.0,0
880,7,7,1,1040.0,0
210,10,10,1,132.41,0
335,5,5,1,305.0,0
1002,15,15,1,4900.0,0
984,16,16,1,216.45,0
204,12,12,1,5000.0,0
734,9,9,1,2000.0,0
91,15,15,1,1560.39,0
746,20,20,1,400.0,0
469,22,22,1,2056.0,0
993,20,20,1,15000.0,0
865,12,12,1,400.0,0
341,20,20,1,2000.0,0
329,10,10,1,200.0,0
987,20,20,1,55377.21,0
490,22,22,1,210.08,0
874,16,16,1,480.78,0
749,13,13,1,3000.0,0
859,11,11,1,400.0,0
868,19,19,1,1500.0,0
1014,19,19,1,4000.0,0
883,13,13,1,424.0,0
600,19,19,1,4286.0,0
201,20,20,1,1000.0,0
487,12,12,1,150.0,0
97,20,20,1,20000.0,0
207,23,23,1,170.0,0
603,14,14,1,4400.0,0
612,15,15,2,6684.84,0
853,20,20,1,800.0,0
219,19,19,1,500.0,0
481,14,14,1,200.0,0
999,13,13,1,20310.23,0
615,12,12,1,123080.0,0
1005,22,22,1,10982.25,0
594,19,19,1,1300.0,0
344,14,14,1,210.0,0
725,3,3,2,1000.0,0
350,16,16,1,837.0,0
73,17,17,1,41000.0,0
475,15,15,1,1000.0,0
1011,19,19,1,5500.0,0
198,18,18,1,73.0,0
338,8,8,1,1056.0,0
722,23,23,1,600.0,0
737,21,21,1,520.0,0
76,13,13,1,3000.0,0
877,13,13,1,1095.0,0
213,21,21,1,2350.0,0
222,12,12,1,300.0,0
591,10,10,1,240.0,0
460,12,12,2,440.0,0
752,22,22,1,500.0,0
990,14,15,7,90806.41,2
466,14,14,1,2055.0,0
228,15,15,3,5207.29,0
1020,19,18,3,131105.0,1
1023,13,13,2,69560.34,0
243,14,15,2,1242.0,1
654,20,20,1,2800.0,0
261,8,8,1,668.5,0
115,12,12,1,2958.0,0
764,20,20,1,1000.0,0
377,9,9,3,1340.58,0
103,9,9,1,100.0,0
505,19,19,1,200.0,0
1038,14,14,1,26204.73,0
109,12,12,1,900.0,0
130,20,20,1,312.0,0
907,10,10,1,2000.0,0
499,17,17,1,621.0,0
1041,12,12,1,13973.32,0
374,11,11,1,300.0,0
368,18,18,1,201.6,0
761,10,10,1,800.0,0
249,18,18,1,545.6,0
639,9,9,1,200.0,0
511,21,21,1,196.14,0
773,15,15,2,960.0,0
365,20,20,1,1200.0,0
127,4,4,1,110.0,0
624,19,19,1,50000.0,0
782,11,10,2,1000.0,1
889,13,13,1,500.0,0
1044,18,18,2,60000.0,0
645,17,17,1,4280.0,0
502,23,23,1,300.0,0
1035,20,20,1,21310.0,0
770,12,12,2,2500.0,0
231,14,14,1,100.0,0
913,10,10,1,333.9,0
785,18,18,1,800.0,0
758,23,23,1,500.0,0
380,21,21,1,200.0,0
767,13,12,2,2892.0,1
371,14,14,1,200.0,0
118,13,13,1,580.0,0
892,10,10,1,2600.0,0
112,12,12,1,76.87,0
389,23,23,1,1200.0,0
886,15,15,1,2120.0,0
1047,20,20,1,40000.0,0
642,15,15,2,16198.0,0
514,16,16,1,320.0,0
234,15,15,2,3005.9,0
895,16,16,1,1000.0,0
904,15,15,1,800.0,0
496,21,21,1,298.0,0
508,9,9,1,540.0,0
100,13,13,1,22153.02,0
124,10,10,1,107.0,0
630,16,16,1,8560.0,0
633,17,17,4,14949.0,0
898,14,14,1,1500.0,0
392,22,22,1,100.0,0
1032,22,22,1,23557.35,0
362,15,15,1,500.0,0
1026,16,17,4,102450.0,1
523,19,19,1,230.0,0
246,9,9,1,350.0,0
237,19,19,2,8800.78,0
520,19,19,1,6733.48,0
636,14,14,2,3513.95,0
755,16,16,2,1045.4299999999998,0
779,21,21,1,1000.0,0
255,5,5,1,1315.38,0
106,12,12,1,1055.21,0
1017,15,15,1,55092.97,0
252,14,14,1,350.0,0
910,20,20,1,500.0,0
121,13,13,1,1130.0,0
493,22,22,1,405.0,0
916,22,22,1,350.0,0
776,13,13,1,1340.0,0
258,12,12,1,19500.0,0
651,14,14,3,13115.5,0
1029,20,20,2,117510.0,0
901,13,13,1,400.0,0
240,16,16,1,100.0,0
517,20,20,1,250.0,0
648,21,21,4,22017.4,0
383,18,18,1,313.73,0
627,19,19,1,5800.0,0
386,10,10,1,200.0,0
20,18,18,1,5265.0,0
291,11,11,1,200.0,0
925,0,0,1,300.0,0
919,17,17,1,300.0,0
526,18,18,1,4000.0,0
547,19,19,1,13000.0,0
395,17,17,1,350.0,0
279,20,20,1,100.0,0
398,16,16,1,1000.0,0
29,13,13,1,5850.0,0
1050,16,16,1,8792.19,0
812,8,8,1,1050.0,0
285,20,20,1,100.0,0
788,18,18,2,3185.0,0
681,16,16,3,2400.0,0
550,14,14,1,250.0,0
410,17,17,1,180.0,0
946,16,17,3,66782.43,1
32,17,17,2,9000.0,0
800,16,16,1,1000.0,0
419,14,14,1,137.81,0
17,23,23,2,10505.6,0
1077,22,22,1,2500.0,0
282,10,10,1,210.0,0
142,22,22,1,10000.0,0
273,17,17,1,197.0,0
276,17,17,1,250.0,0
267,23,23,1,38261.25,0
794,14,14,1,700.0,0
1053,20,20,1,22000.0,0
407,19,19,1,256.0,0
806,12,12,1,1500.0,0
556,11,11,1,500.0,0
928,16,16,2,11000.0,0
529,16,16,2,416.0,0
791,9,9,1,1800.0,0
949,15,15,1,26000.0,0
1071,0,0,1,20000.0,0
264,12,12,1,4998.0,0
538,12,12,1,514.5,0
535,23,23,1,400.0,0
943,17,17,1,10521.0,0
678,11,11,1,700.0,0
937,10,10,1,40000.0,0
553,19,20,3,62950.0,1
5,1,1,2,6900.0,0
657,14,14,1,350.0,0
1074,18,18,2,600.0,0
544,16,16,1,4000.0,0
11,1,1,1,500.0,0
270,20,20,1,60000.0,0
1059,18,18,1,6146.79,0
803,19,19,1,800.0,0
404,14,14,1,810.0,0
940,18,18,1,4000.0,0
666,23,23,1,21000.0,0
684,21,21,1,1000.0,0
151,16,16,1,600.0,0
157,15,15,1,9000.0,0
14,14,14,1,2000.0,0
145,18,18,1,197.0,0
922,11,11,1,3114.0,0
294,16,16,1,950.0,0
8,18,18,1,1500.0,0
934,16,16,1,7700.0,0
148,23,23,1,4500.0,0
401,18,18,1,100.0,0
669,11,11,1,200.0,0
288,16,17,2,60467.0,1
413,18,18,1,100.0,0
1068,14,14,1,300.0,0
425,19,19,1,310.0,0
26,20,20,1,50.0,0
139,11,11,1,70.0,0
660,18,18,1,2161.0,0
163,23,23,1,500.0,0
136,22,22,1,100.0,0
675,15,15,1,210.0,0
532,15,15,1,500.0,0
160,17,17,1,779.25,0
23,23,23,1,1250.0,0
1080,18,18,1,22000.0,0
809,18,18,1,2000.0,0
663,17,17,3,29950.0,0
687,20,19,2,1700.0,1
541,22,22,1,500.0,0
818,13,13,1,525.0,0
1062,19,19,2,66142.38,0
797,21,21,1,4250.0,0
422,20,20,1,150.0,0
2,17,17,1,22207.07,0
672,17,17,1,9200.0,0
1065,11,11,1,500.0,0
815,18,18,1,5600.0,0
154,15,15,2,1686.0,0
1056,13,13,1,6585.0,0
416,21,21,1,200.0,0
133,15,15,1,390.0,0
931,21,20,4,151250.0,1
699,9,9,1,1400.0,0
166,8,8,1,32.13,0
976,13,13,1,15000.0,0
955,18,18,3,74504.94,0
711,21,21,1,209.6,0
62,19,19,1,3652.0,0
196,22,22,2,1600.0,0
824,17,17,1,400.0,0
309,12,12,2,1200.0,0
1092,17,17,1,14900.0,0
303,20,20,1,500.0,0
961,15,15,1,88000.0,0
431,22,22,1,200.0,0
562,23,23,3,76600.0,0
458,11,11,1,5000.0,0
1095,20,20,1,330.0,0
190,19,19,1,320.85,0
696,12,12,1,250.0,0
821,14,14,2,830.0,0
297,15,14,2,48208.0,1
306,23,23,1,200.0,0
1089,12,12,1,5000.0,0
559,15,15,1,3200.0,0
952,14,14,1,22391.92,0
836,22,22,1,3200.0,0
964,13,13,2,53000.0,0
175,23,23,1,27.0,0
65,19,19,1,12800.0,0
44,21,21,1,8000.0,0
178,21,21,1,150.23,0
434,12,12,1,490.0,0
169,16,16,1,32500.0,0
583,20,20,3,12234.0,0
1101,20,20,1,3300.0,0
982,18,18,1,105.68,0
184,16,16,1,35.29,0
565,13,13,1,4098.0,0
571,19,19,1,10800.0,0
443,9,9,1,300.0,0
300,15,15,1,40000.0,0
958,12,12,3,71000.0,0
181,19,19,1,309.0,0
714,15,15,1,400.0,0
851,16,16,1,440.0,0
446,14,14,1,150.0,0
315,14,14,1,200.0,0
708,11,11,1,208.0,0
827,11,11,1,620.0,0
830,23,23,1,1000.0,0
1083,20,20,1,8700.0,0
428,15,15,1,1000.0,0
568,16,16,1,250.0,0
717,0,0,1,400.0,0
327,8,8,1,500.0,0
318,9,9,1,2000.0,0
574,14,15,6,41928.0,1
1104,19,20,2,54953.0,1
690,11,11,1,800.0,0
970,16,16,2,16000.0,0
56,19,19,1,42000.0,0
1107,15,15,1,16000.0,0
324,13,13,1,200.0,0
35,17,17,1,42389.0,0
41,15,15,1,606.12,0
59,20,20,1,6580.08,0
172,16,16,1,96.12,0
452,23,23,1,350.0,0
580,14,14,1,4000.0,0
193,13,13,1,2187.0,0
705,17,17,1,220.0,0
577,18,18,2,49968.0,0
187,19,19,1,2300.0,0
967,16,16,1,22200.0,0
1098,13,13,1,800.0,0
833,23,23,1,403.0,0
38,17,17,1,10000.0,0
589,16,16,1,80811.03,0
312,14,14,1,1552.5,0
702,17,17,1,200.0,0
842,14,14,1,500.0,0
586,22,22,1,3000.0,0
47,1,1,1,192.0,0
693,10,10,1,1050.0,0
979,18,18,1,20350.0,0
848,14,14,1,530.0,0
845,17,17,1,500.0,0
53,21,21,1,4235.94,0
440,13,13,1,1500.0,0
1086,0,0,1,200.0,0
437,16,16,1,105.0,0
321,18,18,1,1148.0,0
973,21,21,1,20000.0,0
50,16,16,1,511.68,0
839,19,19,1,900.0,0
720,20,19,2,400.0,1
455,14,14,1,200.0,0
449,15,15,1,580.0,0
89,0,0,1,38000.0,0
86,15,15,1,2203.71,0
205,12,12,1,4500.0,0
994,12,12,1,22420.0,0
351,12,13,2,1307.8,1
997,18,18,1,53746.98,0
988,20,20,1,22379.82,0
479,21,21,1,200.0,0
354,12,12,1,200.0,0
336,19,19,1,200.0,0
1000,13,13,1,7630.0,0
750,18,18,1,400.0,0
491,17,17,1,200.0,0
98,21,21,1,5921.96,0
878,18,18,1,700.0,0
601,21,21,1,4250.0,0
875,21,21,1,500.0,0
470,9,9,1,200.0,0
488,12,12,1,100.0,0
199,16,16,1,800.0,0
991,17,18,2,39900.0,1
607,9,9,1,210.0,0
1006,22,22,1,13000.0,0
71,18,18,1,91978.56,0
753,12,12,1,400.0,0
592,13,13,1,21435.0,0
95,12,12,1,14334.4,0
747,10,10,1,900.0,0
622,11,11,3,9630.0,0
467,14,15,3,3056.0,1
211,16,16,1,1440.0,0
872,1,1,1,201.17,0
884,4,4,1,500.0,0
342,23,23,1,694.75,0
857,10,10,1,742.0,0
83,18,18,1,23100.0,0
473,15,15,1,818.8,0
860,12,12,2,1197.8,0
80,1,1,1,600.0,0
333,22,22,1,5000.0,0
866,20,20,1,530.0,0
744,8,8,1,500.0,0
595,22,22,1,17148.0,0
985,17,17,1,250.76,0
1012,22,22,1,4562.28,0
738,14,14,1,600.0,0
1015,17,17,1,5563.11,0
223,15,15,1,3000.0,0
202,16,16,1,39000.0,0
345,10,10,1,550.0,0
610,13,13,1,500.0,0
360,18,18,1,500.0,0
92,20,20,1,72100.0,0
485,21,21,1,250.0,0
357,19,19,1,230.0,0
723,10,10,1,520.0,0
229,16,16,1,3900.0,0
732,16,16,1,800.0,0
226,6,6,1,50.0,0
464,20,20,1,3090.0,0
339,11,11,1,200.0,0
741,17,17,1,472.0,0
208,10,10,1,4210.0,0
619,17,17,2,30800.0,0
1003,18,19,4,92914.69,1
330,15,15,1,283.23,0
613,16,16,1,1000.0,0
881,16,16,1,1500.0,0
348,20,20,1,5000.0,0
476,15,15,1,121.13,0
869,10,10,1,1000.0,0
854,0,0,1,500.0,0
217,13,13,1,103.2,0
726,19,19,1,400.0,0
1009,15,15,1,30000.0,0
220,13,13,1,752.55,0
598,14,14,1,4160.0,0
482,16,16,1,500.0,0
214,12,12,3,1500.0,0
863,2,2,1,2000.0,0
604,17,17,1,4606.5,0
461,14,14,1,300.0,0
77,12,12,1,7269.08,0
68,12,12,1,2500.0,0
735,11,11,1,450.0,0
616,13,13,1,6430.0,0
74,18,18,1,4000.0,0
729,12,12,1,571.5,0
509,12,12,1,890.0,0
122,15,15,1,300.0,0
652,15,15,1,2400.0,0
232,23,23,2,4000.0,0
1024,14,14,1,23074.74,0
1045,23,23,1,30000.0,0
899,22,22,1,449.0,0
917,6,6,1,1500.0,0
905,3,3,1,318.5,0
646,18,18,2,25750.4,0
628,20,20,2,60000.0,0
116,16,16,1,200.0,0
914,17,17,1,500.0,0
524,22,22,3,1184.0,0
631,23,23,1,3000.0,0
1048,15,15,1,2000.0,0
506,22,22,2,400.0,0
262,11,11,1,10000.0,0
768,14,14,1,400.0,0
759,10,10,1,1395.28,0
890,13,13,1,501.0,0
235,17,17,1,8370.0,0
896,16,16,1,1300.0,0
369,16,16,1,105.0,0
381,12,12,1,1800.0,0
372,10,10,1,520.0,0
259,19,19,1,200.55,0
518,15,15,1,250.0,0
771,14,14,1,420.0,0
1018,16,16,1,15000.0,0
250,22,22,1,81.0,0
244,15,15,1,1017.67,0
104,11,11,1,3300.0,0
113,14,14,1,50.0,0
765,11,11,1,1000.0,0
363,17,17,1,310.5,0
902,15,15,1,1000.0,0
494,12,12,1,300.0,0
131,14,14,1,4999.99,0
366,10,10,1,2247.91,0
1033,13,13,1,13200.0,0
238,22,22,1,2035.0,0
1039,19,19,3,76978.36,0
521,10,10,1,1000.0,0
119,15,15,1,2600.0,0
762,11,11,1,800.0,0
384,18,18,1,4228.79,0
637,18,18,1,7552.0,0
515,17,17,1,1180.0,0
503,16,16,3,3190.0,0
1027,18,18,2,95190.36,0
256,16,16,1,575.18,0
893,23,23,1,1110.04,0
887,11,10,2,2140.0,1
375,11,11,1,1030.0,0
110,21,21,1,600.0,0
655,10,10,2,450.0,0
908,13,13,1,365.0,0
107,15,15,2,57813.270000000004,0
241,9,9,1,516.63,0
378,18,18,1,300.0,0
911,17,17,1,500.0,0
640,12,11,3,68731.62,1
512,13,12,3,4760.719999999999,1
780,17,17,1,400.0,0
393,12,12,1,200.0,0
1036,12,12,1,28000.0,0
643,16,16,1,51574.0,0
625,21,21,1,7000.0,0
128,13,13,1,478.0,0
1021,20,20,1,10000.0,0
125,17,17,1,4140.0,0
634,22,22,2,17000.0,0
786,15,15,2,3100.0,0
649,22,22,2,1011.97,0
253,3,3,1,500.91,0
756,17,17,1,400.0,0
497,22,22,1,600.0,0
500,18,18,1,500.0,0
101,14,14,2,1010.0,0
1030,21,20,3,43257.34,1
777,16,16,1,800.0,0
390,14,14,1,100.0,0
247,17,17,1,303.41,0
1042,19,20,5,30413.92,1
783,13,13,1,960.0,0
387,14,14,1,206.2,0
774,9,9,1,522.5,0
